KMFH,,Electronic,,House,Techno,Ghetto House,Experimental,Spoof,,16 Apr 2013,US,4.61,https://www.youtube.com/watch?v=adPzKwoU3Zw
KMFH,,Electronic,,House,Techno,Ghetto House,Experimental,Flemmenup,,16 Apr 2013,US,4.61,https://www.youtube.com/watch?v=c2qOYSuW-oc
KMFH,,Electronic,,House,Techno,Ghetto House,Experimental,Grungy Gloops,,16 Apr 2013,US,4.61,https://www.youtube.com/watch?v=XG-9ygxNH2Y
KMFH,,Electronic,,House,Techno,Ghetto House,Experimental,Measure2Measure,,16 Apr 2013,US,4.61,https://www.youtube.com/watch?v=4KkO0vUMcX4
Dee Jay Nehpets,,Electronic,,House,Ghetto House,,,I Came To Bring The Pain,,1997,US,4.85,https://www.youtube.com/watch?v=grMwLyYT4rU
Dee Jay Nehpets,,Electronic,,House,Ghetto House,,,Razzberry House,,1997,US,4.85,https://www.youtube.com/watch?v=G5TdMYLr5nY
Dee Jay Nehpets,,Electronic,,House,Ghetto House,,,Na Na Na,,1997,US,4.85,https://www.youtube.com/watch?v=r40ejNrx7dM
Dee Jay Nehpets,,Electronic,,House,Ghetto House,,,Smoke -N- Ride,,1997,US,4.85,https://www.youtube.com/watch?v=LQZWPE_kfT8
D.J. Funk #1,,Electronic,,House,Acid,Ghetto House,,I'm So Hi,,1994,US,4.45,https://www.youtube.com/watch?v=6MMMdVu04Rc
D.J. Funk #1,,Electronic,,House,Acid,Ghetto House,,Work That Body,,1994,US,4.45,https://www.youtube.com/watch?v=leEirSsS8T8
Flamingosis,,Electronic,Hip Hop,Ambient,Instrumental,Funk,Chillwave,Pleasure Palette,,2016,Germany,4.74,https://www.youtube.com/watch?v=KzFkN-1-gjA
Flamingosis,,Electronic,Hip Hop,Ambient,Instrumental,Funk,Chillwave,Down For The Fifth Time,,2016,Germany,4.74,https://www.youtube.com/watch?v=zzKHTCEhsp8
Flamingosis,,Electronic,Hip Hop,Ambient,Instrumental,Funk,Chillwave,Love Me In The Evening,,2016,Germany,4.74,https://www.youtube.com/watch?v=pkzgBNl1OMA
Flamingosis,,Electronic,Hip Hop,Ambient,Instrumental,Funk,Chillwave,Football Head,,2016,Germany,4.74,https://www.youtube.com/watch?v=1hJKhiew2O0
Delroy Edwards,,Electronic,,House,Ghetto House,,,White Owl,,15 May 2013,US,4.34,https://www.youtube.com/watch?v=HLD-2PUUa5Y
Delroy Edwards,,Electronic,,House,Ghetto House,,,The Fast Lane,,15 May 2013,US,4.34,https://www.youtube.com/watch?v=S-KyigOf4Hk
Delroy Edwards,,Electronic,,House,Ghetto House,,,Drop Dead,,15 May 2013,US,4.34,https://www.youtube.com/watch?v=XKxnCjNKwtw
D.J. Funk,,Electronic,,Acid,Techno,Ghetto House,,Pump It,,1996,US,4.6,https://www.youtube.com/watch?v=HMQM4Y33Qn8
D.J. Funk,,Electronic,,Acid,Techno,Ghetto House,,Work It,,1996,US,4.6,https://www.youtube.com/watch?v=nHXU-N0E9IM
D.J. Funk,,Electronic,,Acid,Techno,Ghetto House,,Work It (Instrumental),,1996,US,4.6,https://www.youtube.com/watch?v=OyLzAG_SM9E
D.J. Funk,,Electronic,,Acid,Techno,Ghetto House,,XTC,,1996,US,4.6,https://www.youtube.com/watch?v=umJrlxI4RzU
D.J. Funk,,Electronic,,Acid,Techno,Ghetto House,,Work Da Body,,1996,US,4.6,https://www.youtube.com/watch?v=umJrlxI4RzU
D.J. Funk,,Electronic,,Acid,Techno,Ghetto House,,Knock Knock,,1996,US,4.6,https://www.youtube.com/watch?v=p5_UC639Gyg
Deeon,,Electronic,,House,Ghetto House,Techno,,2 B Free,,23 Mar 2015,UK,4.69,https://www.youtube.com/watch?v=fzfYlstUGUM
Deeon,,Electronic,,House,Ghetto House,Techno,,House-O-Matic,,23 Mar 2015,UK,4.69,https://www.youtube.com/watch?v=lrTQJqdp3bI
Deeon,,Electronic,,House,Ghetto House,Techno,,Freak Like Me,,23 Mar 2015,UK,4.69,https://www.youtube.com/watch?v=eqh8lUyOOJo
Deeon,,Electronic,,House,Ghetto House,Techno,,The 604,,23 Mar 2015,UK,4.69,https://www.youtube.com/watch?v=z-vNjA7Vh10
Eric Martin,,Electronic,,House,Ghetto House,,,2nd Day,,1996,US,4.31,https://www.youtube.com/watch?v=L9T8ufCj9Ow
Eric Martin,,Electronic,,House,Ghetto House,,,2nd Day (P.J. & E.M. Mix),,1996,US,4.31,https://www.youtube.com/watch?v=L9T8ufCj9Ow
D.J. Slugo,,Electronic,,House,Techno,Ghetto House,,Wouldn't You Like To Be A Hoe,,1995,US,4.44,https://www.youtube.com/watch?v=EMtbBz2YUwA
D.J. Slugo,,Electronic,,House,Techno,Ghetto House,,Telegraph It,,1995,US,4.44,https://www.youtube.com/watch?v=60uNtyIJ-aI
D.J. Slugo,,Electronic,,House,Techno,Ghetto House,,Drum To Drum,,1995,US,4.44,https://www.youtube.com/watch?v=VKdphIkPJm0
D.J. Slugo,,Electronic,,House,Techno,Ghetto House,,Taris Sleeps Wild,,1995,US,4.44,https://www.youtube.com/watch?v=1Q7dqZ21gls
D.J. Slugo,,Electronic,,House,Techno,Ghetto House,,Track Is For The Men,,1995,US,4.44,https://www.youtube.com/watch?v=ruE9sI4Q4to
Lazare Hoche,Malin Genie,Electronic,,Techno,Ghetto House,Deep House,,Formes,,2014,France,4.58,https://www.youtube.com/watch?v=LZ1iDs1on9Q
Lazare Hoche,Malin Genie,Electronic,,Techno,Ghetto House,Deep House,,Work That Booty,,2014,France,4.58,https://www.youtube.com/watch?v=YOFJRanQFqs
D.J. Deeon,,Electronic,,Ghetto House,House,Techno,,Akcerate 98,,1998,US,4.56,https://www.youtube.com/watch?v=N_kevoqIn8o
D.J. Deeon,,Electronic,,Ghetto House,House,Techno,,Shake Dat Ass,,1998,US,4.56,https://www.youtube.com/watch?v=IxWX2S-i2a0
D.J. Deeon,,Electronic,,Ghetto House,House,Techno,,Shake Dat Butt,,1998,US,4.56,https://www.youtube.com/watch?v=IxWX2S-i2a0
Green Velvet,,Electronic,,Techno,Ghetto House,,,Technology's Out Of Control,,1999,Belgium,4.39,https://www.youtube.com/watch?v=L-n375nloL8
Green Velvet,,Electronic,,Techno,Ghetto House,,,Save The World,,1999,Belgium,4.39,https://www.youtube.com/watch?v=qvARw8iGG5w
Green Velvet,,Electronic,,Techno,Ghetto House,,,Water Molecule,,1999,Belgium,4.39,https://www.youtube.com/watch?v=KcgZ4DwbTo4
Green Velvet,,Electronic,,Techno,Ghetto House,,,Thoughts,,1999,Belgium,4.39,https://www.youtube.com/watch?v=xgXBbs8PKks
Green Velvet,,Electronic,,Techno,Ghetto House,,,Abduction,,1999,Belgium,4.39,https://www.youtube.com/watch?v=uhOc8LuAuy0
Green Velvet,,Electronic,,Techno,Ghetto House,,,Strange,,1999,Belgium,4.39,https://www.youtube.com/watch?v=7mRJRs5FGMU
L-Vis 1990,Dance System,Electronic,,House,Ghetto House,,,No More,,Jan 2014,Netherlands,4.48,https://www.youtube.com/watch?v=h1Ad6AfIhxM
L-Vis 1990,Dance System,Electronic,,House,Ghetto House,,,DS Theme,,Jan 2014,Netherlands,4.48,https://www.youtube.com/watch?v=D0PDva3MYRE
L-Vis 1990,Dance System,Electronic,,House,Ghetto House,,,Move It,,Jan 2014,Netherlands,4.48,https://www.youtube.com/watch?v=UJ3dZhc4lNk
L-Vis 1990,Dance System,Electronic,,House,Ghetto House,,,Flash Drive,,Jan 2014,Netherlands,4.48,https://www.youtube.com/watch?v=NIYyyqMd0dE
Various,,Electronic,,Ghetto House,Juke,House,,Love Will Find A Way (Club),,10 Feb 2014,UK,4.61,https://www.youtube.com/watch?v=RfT1663vkCc
Various,,Electronic,,Ghetto House,Juke,House,,Crazy Wild,,10 Feb 2014,UK,4.61,https://www.youtube.com/watch?v=bD_Y7tYoM38
Various,,Electronic,,Ghetto House,Juke,House,,Toxic Waste (Club Mix),,10 Feb 2014,UK,4.61,https://www.youtube.com/watch?v=kUaFxN78B74
Various,,Electronic,,Ghetto House,Juke,House,,Da Bomb,,10 Feb 2014,UK,4.61,https://www.youtube.com/watch?v=sgWpMF7goPI
Various,,Electronic,,Ghetto House,Juke,House,,Ghetto Shout Out!!,,10 Feb 2014,UK,4.61,https://www.youtube.com/watch?v=0P8nCeweu9w
Various,,Electronic,,Ghetto House,Juke,House,,The Original Video Clash: Video Clash II (Street Mix),,10 Feb 2014,UK,4.61,https://www.youtube.com/watch?v=Idg4Bj1NyAo
Various,,Electronic,,Ghetto House,Juke,House,,Work Out,,10 Feb 2014,UK,4.61,https://www.youtube.com/watch?v=vQju_67wN0U
Various,,Electronic,,Ghetto House,Juke,House,,Love Will Find A Way (Club),,10 Feb 2014,UK,4.61,https://www.youtube.com/watch?v=RfT1663vkCc
Various,,Electronic,,Ghetto House,Juke,House,,I Dream You,,10 Feb 2014,UK,4.61,https://www.youtube.com/watch?v=QdelrdBvLRY
Various,,Electronic,,Ghetto House,Juke,House,,Crazy Wild,,10 Feb 2014,UK,4.61,https://www.youtube.com/watch?v=bD_Y7tYoM38
Various,,Electronic,,Ghetto House,Juke,House,,The Original Video Clash: Video Clash II (Street Mix),,10 Feb 2014,UK,4.61,https://www.youtube.com/watch?v=Idg4Bj1NyAo
Various,,Electronic,,Ghetto House,Juke,House,,Ghetto Shout Out!!,,10 Feb 2014,UK,4.61,https://www.youtube.com/watch?v=0P8nCeweu9w
Various,,Electronic,,Ghetto House,Juke,House,,Da Bomb,,10 Feb 2014,UK,4.61,https://www.youtube.com/watch?v=sgWpMF7goPI
Various,,Electronic,,Ghetto House,Juke,House,,Toxic Waste (Club Mix),,10 Feb 2014,UK,4.61,https://www.youtube.com/watch?v=kUaFxN78B74
Various,,Electronic,,Ghetto House,Juke,House,,Work Out,,10 Feb 2014,UK,4.61,https://www.youtube.com/watch?v=vQju_67wN0U
D.J. Funk,,Electronic,,Ghetto House,,,,Big Ole Booty,,1996,US,4.41,https://www.youtube.com/watch?v=ZxJUcvl-ZM0
Jammin Gerald,,Electronic,,House,Ghetto House,,,Pump On The Floor (RX),,1998,US,4.58,https://www.youtube.com/watch?v=nxSiyZs2PGg
Jammin Gerald,,Electronic,,House,Ghetto House,,,Pump On The Floor (Org.),,1998,US,4.58,https://www.youtube.com/watch?v=nxSiyZs2PGg
Jammin Gerald,,Electronic,,House,Ghetto House,,,Holy Ghost,,1998,US,4.58,https://www.youtube.com/watch?v=aiZnNzNFAwg
Jammin Gerald,,Electronic,,House,Ghetto House,,,Biggie Trax,,1998,US,4.58,https://www.youtube.com/watch?v=XpPOHlBYQGo
Jammin Gerald,,Electronic,,House,Ghetto House,,,Da Love (No Kick Mix),,1998,US,4.58,https://www.youtube.com/watch?v=x520Rp3lVJ4
Parris Mitchell,,Electronic,,House,Ghetto House,,,We Don't Love Them Hoes,,1994,US,4.24,https://www.youtube.com/watch?v=YUs6mX0nqhQ
Parris Mitchell,,Electronic,,House,Ghetto House,,,Masturbation,,1994,US,4.24,https://www.youtube.com/watch?v=EvkhfAQqBoE
Parris Mitchell,,Electronic,,House,Ghetto House,,,The Claps,,1994,US,4.24,https://www.youtube.com/watch?v=E6_hDnhQG4I
Paul Johnson,,Sep 2014,,Electronic,,,,Speech Impediment,,Germany,Vinyl,4.59,https://www.youtube.com/watch?v=mYZgCik2CEU
Paul Johnson,,Sep 2014,,Electronic,,,,Relieve Me,,Germany,Vinyl,4.59,https://www.youtube.com/watch?v=jxeukl1Wz10
Paul Johnson,,Sep 2014,,Electronic,,,,Aww Shit,,Germany,Vinyl,4.59,https://www.youtube.com/watch?v=DQ7Y1ZZTn_Q
Paul Johnson,,Sep 2014,,Electronic,,,,Who's Psy Is This,,Germany,Vinyl,4.59,https://www.youtube.com/watch?v=jEjkBj1h5Z8
Paul Johnson,,Sep 2014,,Electronic,,,,Computers Talk,,Germany,Vinyl,4.59,https://www.youtube.com/watch?v=K2lSE6Zhvag
Jammin The House Gerald,,Electronic,,Techno,Ghetto House,,,Hold Up,,1997,US,4.49,https://www.youtube.com/watch?v=M8HHTL3HXNk
Jammin The House Gerald,,Electronic,,Techno,Ghetto House,,,Space Chair,,1997,US,4.49,https://www.youtube.com/watch?v=wfyXXsAUAWM
Jammin The House Gerald,,Electronic,,Techno,Ghetto House,,,U Feel,,1997,US,4.49,https://www.youtube.com/watch?v=Pm0SK2JbRV4
Jammin The House Gerald,,Electronic,,Techno,Ghetto House,,,Purk U Late It,,1997,US,4.49,https://www.youtube.com/watch?v=aaS1CBqu01g
Paul Johnson,,Electronic,,House,Deep House,Ghetto House,,The Speaker Buster,,26 Feb 2016,UK,4.48,https://www.youtube.com/watch?v=NxgFuoDj0Fw
Paul Johnson,,Electronic,,House,Deep House,Ghetto House,,Don't Stop Movin That Ass,,26 Feb 2016,UK,4.48,https://www.youtube.com/watch?v=718DLvoHLFk
Paul Johnson,,Electronic,,House,Deep House,Ghetto House,,Something Strange,,26 Feb 2016,UK,4.48,https://www.youtube.com/watch?v=WR4t73sRYeY
Paul Johnson,,Electronic,,House,Deep House,Ghetto House,,Freaks In Front,,26 Feb 2016,UK,4.48,https://www.youtube.com/watch?v=kKx0_mgkfF8
Various,,06 Dec 2010,,Electronic,Hip Hop,,,Star Wars,,UK,Vinyl,4.56,https://www.youtube.com/watch?v=8wK1jLc3_5M
Various,,06 Dec 2010,,Electronic,Hip Hop,,,One Blood,,UK,Vinyl,4.56,https://www.youtube.com/watch?v=f2b8wrhQKEM
Various,,06 Dec 2010,,Electronic,Hip Hop,,,Bangs & Works,,UK,Vinyl,4.56,https://www.youtube.com/watch?v=5Z3GZnN_VTk
Various,,06 Dec 2010,,Electronic,Hip Hop,,,Yo Shit Fucked Up,,UK,Vinyl,4.56,https://www.youtube.com/watch?v=l-TvLYUd4YY
Various,,06 Dec 2010,,Electronic,Hip Hop,,,Freakazoid,,UK,Vinyl,4.56,https://www.youtube.com/watch?v=pnm2HQmcqnM
Jerome Hill,,Electronic,,Acid House,Techno,Acid,Ghetto House,Paper Bag Acid,,Oct 2014,UK,4.58,https://www.youtube.com/watch?v=JqCFOu9wl0g
Jerome Hill,,Electronic,,Acid House,Techno,Acid,Ghetto House,Dustbin Acid,,Oct 2014,UK,4.58,https://www.youtube.com/watch?v=DM7qQlneVS8
Jerome Hill,,Electronic,,Acid House,Techno,Acid,Ghetto House,Bully Beef,,Oct 2014,UK,4.58,https://www.youtube.com/watch?v=ayP6_XJk_CM
Various,,Electronic,,Ghetto House,House,Techno,,Pump That Shit Up,,26 Jan 2015,UK,4.61,https://www.youtube.com/watch?v=Gk88dljeg6E
Various,,Electronic,,Ghetto House,House,Techno,,Computer Madness,,26 Jan 2015,UK,4.61,https://www.youtube.com/watch?v=WSaanHyWXww
Various,,Electronic,,Ghetto House,House,Techno,,Hit It,,26 Jan 2015,UK,4.61,https://www.youtube.com/watch?v=hhnZed5JUCo
Various,,Electronic,,Ghetto House,House,Techno,,Pump On The Floor,,26 Jan 2015,UK,4.61,https://www.youtube.com/watch?v=nxSiyZs2PGg
Various,,Electronic,,Ghetto House,House,Techno,,Bounce That Booty,,26 Jan 2015,UK,4.61,https://www.youtube.com/watch?v=0cd0c2Xa5T0
Various,,Electronic,,Ghetto House,House,Techno,,Nuthin Wrong,,26 Jan 2015,UK,4.61,https://www.youtube.com/watch?v=xbSmhSYLDvs
Various,,Electronic,,Ghetto House,House,Techno,,The Groove,,26 Jan 2015,UK,4.61,https://www.youtube.com/watch?v=nZC_GBJr8Zg
Various,,Electronic,,Ghetto House,House,Techno,,Give Me Ecstasy,,26 Jan 2015,UK,4.61,https://www.youtube.com/watch?v=B6X4Mu2NYAE
Various,,Electronic,,Ghetto House,House,Techno,,Computer Sex,,26 Jan 2015,UK,4.61,https://www.youtube.com/watch?v=WSaanHyWXww
Various,,Electronic,,Ghetto House,House,Techno,,Pump That Shit Up,,26 Jan 2015,UK,4.61,https://www.youtube.com/watch?v=Gk88dljeg6E
Various,,Electronic,,Ghetto House,House,Techno,,Computer Madness,,26 Jan 2015,UK,4.61,https://www.youtube.com/watch?v=WSaanHyWXww
Various,,Electronic,,Ghetto House,House,Techno,,Hit It,,26 Jan 2015,UK,4.61,https://www.youtube.com/watch?v=hhnZed5JUCo
Various,,Electronic,,Ghetto House,House,Techno,,Bounce That Booty,,26 Jan 2015,UK,4.61,https://www.youtube.com/watch?v=0cd0c2Xa5T0
Various,,Electronic,,Ghetto House,House,Techno,,Nuthin Wrong,,26 Jan 2015,UK,4.61,https://www.youtube.com/watch?v=xbSmhSYLDvs
Various,,Electronic,,Ghetto House,House,Techno,,Pump On The Floor,,26 Jan 2015,UK,4.61,https://www.youtube.com/watch?v=nxSiyZs2PGg
Various,,Electronic,,Ghetto House,House,Techno,,Give Me Ecstasy,,26 Jan 2015,UK,4.61,https://www.youtube.com/watch?v=B6X4Mu2NYAE
Various,,Electronic,,Ghetto House,House,Techno,,Computer Sex,,26 Jan 2015,UK,4.61,https://www.youtube.com/watch?v=WSaanHyWXww
Various,,Electronic,,Ghetto House,House,Techno,,The Groove,,26 Jan 2015,UK,4.61,https://www.youtube.com/watch?v=nZC_GBJr8Zg
DJ Beusta,DJ Trebluf,Electronic,,Ghetto House,House,,,Out Of The Blue,,Sep 2015,France,4.57,https://www.youtube.com/watch?v=df8RI0Elz7g
DJ Beusta,DJ Trebluf,Electronic,,Ghetto House,House,,,A Jazzy Thing,,Sep 2015,France,4.57,https://www.youtube.com/watch?v=_WU1pRsKhDI
DJ Beusta,DJ Trebluf,Electronic,,Ghetto House,House,,,Sunday Afternoon,,Sep 2015,France,4.57,https://www.youtube.com/watch?v=n0qzYOmd8sU
DJ Beusta,DJ Trebluf,Electronic,,Ghetto House,House,,,Untitled #02,,Sep 2015,France,4.57,https://www.youtube.com/watch?v=q8b6D_aEY08
Ari Jukka,,Electronic,,House,Ghetto House,,,Get Up 'N' Move,,1996,Sweden,4.12,https://www.youtube.com/watch?v=T7RMIfrz31I
Ari Jukka,,Electronic,,House,Ghetto House,,,I Can Do Anything,,1996,Sweden,4.12,https://www.youtube.com/watch?v=RTFOfX2ciwU
Ari Jukka,,Electronic,,House,Ghetto House,,,Let The Music Take Control,,1996,Sweden,4.12,https://www.youtube.com/watch?v=DFgRbo5QHdk
Ari Jukka,,Electronic,,House,Ghetto House,,,Pump It Freaking Style,,1996,Sweden,4.12,https://www.youtube.com/watch?v=9E1LN-Jb7-w
Ari Jukka,,Electronic,,House,Ghetto House,,,Twist Your Ass Like To Chicago,,1996,Sweden,4.12,https://www.youtube.com/watch?v=aa6dCRaF6Y4
Mystik Menn,,Electronic,,House,Ghetto House,,,Fiedel's Jam,,2017,Australia,4.6,https://www.youtube.com/watch?v=obpE1RLJH4c
Mystik Menn,,Electronic,,House,Ghetto House,,,Get Tha O,,2017,Australia,4.6,https://www.youtube.com/watch?v=RAz2rPgdLC8
Mystik Menn,,Electronic,,House,Ghetto House,,,Fantastic Jam,,2017,Australia,4.6,https://www.youtube.com/watch?v=auJldP4vnSQ
Mystik Menn,,Electronic,,House,Ghetto House,,,Work It Right,,2017,Australia,4.6,https://www.youtube.com/watch?v=gH5Kxykr354
Paul Johnson,,Electronic,,House,Ghetto House,,,Feel My M.F. Bass,,2014,US,4.25,https://www.youtube.com/watch?v=7U_BUIT1axg
Paul Johnson,,Electronic,,House,Ghetto House,,,Jack-U-Later,,2014,US,4.25,https://www.youtube.com/watch?v=1xYLgwgr9RE
Paul Johnson,,Electronic,,House,Ghetto House,,,U So Silly,,2014,US,4.25,https://www.youtube.com/watch?v=-1GARxN9v_s
Mzkbx,,2013,,Electronic,,,,Dumm Beat (Samo Dj Remix),,France,Vinyl,4.35,https://www.youtube.com/watch?v=4M4AIUZcj3s
Various,,Electronic,,House,Ghetto House,,,Spirit,,19 Apr 2014,UK,4.45,https://www.youtube.com/watch?v=14J5bpSbxB0
Various,,Electronic,,House,Ghetto House,,,Wigged Out,,19 Apr 2014,UK,4.45,https://www.youtube.com/watch?v=Cw3ymUg1qwI
Various,,Electronic,,House,Ghetto House,,,Mellow Magic,,19 Apr 2014,UK,4.45,https://www.youtube.com/watch?v=pOwijLKkVdI
D.J. Funk,,Electronic,,House,Techno,Ghetto House,,Work Da Body,,1998,US,4.51,https://www.youtube.com/watch?v=umJrlxI4RzU
D.J. Funk,,Electronic,,House,Techno,Ghetto House,,Work It,,1998,US,4.51,https://www.youtube.com/watch?v=umJrlxI4RzU
DJ Slugo,,Electronic,,Ghetto House,,,,Strap Up Before You Hit It,,01 Jul 2016,US,4.7,https://www.youtube.com/watch?v=t91BsViSttc
DJ Slugo,,Electronic,,Ghetto House,,,,Pajamas,,01 Jul 2016,US,4.7,https://www.youtube.com/watch?v=PsO_TWc_kME
DJ Slugo,,Electronic,,Ghetto House,,,,Vulture Life (Instrumental),,01 Jul 2016,US,4.7,https://www.youtube.com/watch?v=GG1hjeqpi5o
DJ Flint,,Electronic,,House,Ghetto House,,,Bitches And Hoes,,1997,US,4.61,https://www.youtube.com/watch?v=Qk5SxXUwsj8
DJ Flint,,Electronic,,House,Ghetto House,,,P.I.I.Y.M.,,1997,US,4.61,https://www.youtube.com/watch?v=k5EohRpLgJI
DJ Flint,,Electronic,,House,Ghetto House,,,Fuk It,,1997,US,4.61,https://www.youtube.com/watch?v=8sUbMaRS4jM
DJ Trebluf,DJ Beusta,Electronic,,Ghetto House,House,,,Piano Track,,08 Oct 2016,France,4.59,https://www.youtube.com/watch?v=UZEAQEOPMJM
DJ Trebluf,DJ Beusta,Electronic,,Ghetto House,House,,,Untitled 01,,08 Oct 2016,France,4.59,https://www.youtube.com/watch?v=rdSE5X7vPhw
DJ Slugo,DJ Deeon,07 Mar 2008,,Electronic,,,,Wouldn't You Like To Be A Hoe,,US,Vinyl,4.3,https://www.youtube.com/watch?v=EMtbBz2YUwA
D.J. Funk,,Electronic,,Ghetto House,,,,The Art Of Funkin,,1995,US,4.53,https://www.youtube.com/watch?v=oqTL6hG0nq0
Partiboi69,,Electronic,,Ghetto House,House,Techno,,Booty Flow,,04 Nov 2019,Australia,4.73,https://www.youtube.com/watch?v=Dj3QFBVM_gI
Partiboi69,,Electronic,,Ghetto House,House,Techno,,Mind Body Soul,,04 Nov 2019,Australia,4.73,https://www.youtube.com/watch?v=CuCtn8OKUO0
Partiboi69,,Electronic,,Ghetto House,House,Techno,,Magnificent,,04 Nov 2019,Australia,4.73,https://www.youtube.com/watch?v=Va54xMmvKKI
DJ Deeon,,Electronic,,Ghetto House,,,,Suck It,,2005,US,4.59,https://www.youtube.com/watch?v=VgoTQjFN7vk
DJ Deeon,,Electronic,,Ghetto House,,,,"Freaky, Freaky",,2005,US,4.59,https://www.youtube.com/watch?v=bp9iFnHtl9A
DJ Deeon,,Electronic,,Ghetto House,,,,Like It Raw,,2005,US,4.59,https://www.youtube.com/watch?v=I2MJocgC2fs
DJ Deeon,,Electronic,,Ghetto House,,,,Hit Da Flo,,2005,US,4.59,https://www.youtube.com/watch?v=8AaEecOORiM
DJ Deeon,,Electronic,,Ghetto House,,,,Titties & Ass,,2005,US,4.59,https://www.youtube.com/watch?v=lCiqe9DDw_M
DJ Spinn,DJ Rashad,Electronic,,Ghetto House,,,,Halloween,,2004,US,4.45,https://www.youtube.com/watch?v=3DYmavEycg4
DJ Spinn,DJ Rashad,Electronic,,Ghetto House,,,,Girl Bust Down,,2004,US,4.45,https://www.youtube.com/watch?v=SxGGsJKBrsE
DJ Spinn,DJ Rashad,Electronic,,Ghetto House,,,,That Booty,,2004,US,4.45,https://www.youtube.com/watch?v=nXQALo1SGaQ
DJ Spinn,DJ Rashad,Electronic,,Ghetto House,,,,Like It's Hot,,2004,US,4.45,https://www.youtube.com/watch?v=W9ZcXP0vjKA
D.J. Funk,,Electronic,,Ghetto House,,,,Pop Dat Thang,,11 Jan 2005,US,4.4,https://www.youtube.com/watch?v=F_KjffHSoRo
Steve Poindexter,,Electronic,,House,Acid House,Ghetto House,,Work That Mutha Fucker,,2013,US,5.0,https://www.youtube.com/watch?v=B9uHG7IHW-M
Steve Poindexter,,Electronic,,House,Acid House,Ghetto House,,Computer Madness,,2013,US,5.0,https://www.youtube.com/watch?v=-VSjctLScAM
Steve Poindexter,,Electronic,,House,Acid House,Ghetto House,,"Chillin' With The ""P""",,2013,US,5.0,https://www.youtube.com/watch?v=YP2RA576YeE
Steve Poindexter,,Electronic,,House,Acid House,Ghetto House,,Born To Freak,,2013,US,5.0,https://www.youtube.com/watch?v=MGcEmhPtu_A
Jammin Gerald,,Electronic,,House,Ghetto House,,,Pump On The Floor (RX),,2014,US,4.43,https://www.youtube.com/watch?v=nxSiyZs2PGg
Jammin Gerald,,Electronic,,House,Ghetto House,,,Pump On The Floor (ORG),,2014,US,4.43,https://www.youtube.com/watch?v=nxSiyZs2PGg
Jammin Gerald,,Electronic,,House,Ghetto House,,,Holy Ghost,,2014,US,4.43,https://www.youtube.com/watch?v=aiZnNzNFAwg
Jammin Gerald,,Electronic,,House,Ghetto House,,,Biggie Trax,,2014,US,4.43,https://www.youtube.com/watch?v=XpPOHlBYQGo
Jammin Gerald,,Electronic,,House,Ghetto House,,,Da Love (No Kick Mix),,2014,US,4.43,https://www.youtube.com/watch?v=x520Rp3lVJ4
Wax Master Maurice,,Electronic,,House,Techno,Ghetto,Ghetto House,Going Down (Ghetto Mix),,1995,US,4.18,https://www.youtube.com/watch?v=1Bh9fVvZpnY
Wax Master Maurice,,Electronic,,House,Techno,Ghetto,Ghetto House,"Butter Fly ""95""",,1995,US,4.18,https://www.youtube.com/watch?v=SIsKM4UvWA0
Wax Master Maurice,,Electronic,,House,Techno,Ghetto,Ghetto House,Bounce That Body,,1995,US,4.18,https://www.youtube.com/watch?v=0cd0c2Xa5T0
Wax Master Maurice,,Electronic,,House,Techno,Ghetto,Ghetto House,The Claps,,1995,US,4.18,https://www.youtube.com/watch?v=28-utcKiCic
DJ Deeon,,17 Jun 2014,,Electronic,,,,Yo Mouf,,Germany,Vinyl,4.19,https://www.youtube.com/watch?v=ZTfxxEHkdgA
DJ Deeon,,17 Jun 2014,,Electronic,,,,Work This Dick,,Germany,Vinyl,4.19,https://www.youtube.com/watch?v=egqlhDuLsxQ
DJ Deeon,,17 Jun 2014,,Electronic,,,,Off Freakmode,,Germany,Vinyl,4.19,https://www.youtube.com/watch?v=VP_I1dq0vRY
DJ Deeon,,17 Jun 2014,,Electronic,,,,Suck It Deep,,Germany,Vinyl,4.19,https://www.youtube.com/watch?v=CSKomNFWoqs
DJ Deeon,,17 Jun 2014,,Electronic,,,,Hoodrat,,Germany,Vinyl,4.19,https://www.youtube.com/watch?v=oqS5bXHB9z4
D.J. Oguls,,Electronic,,House,Ghetto House,,,Eat It (Instrumental),,1996,US,4.35,https://www.youtube.com/watch?v=H_yJiyst2RU
D.J. Oguls,,Electronic,,House,Ghetto House,,,Move Yo Body,,1996,US,4.35,https://www.youtube.com/watch?v=BZcH3JM3IIo
D.J. Oguls,,Electronic,,House,Ghetto House,,,I'm High Than A Mutha Fucka,,1996,US,4.35,https://www.youtube.com/watch?v=ffdSjUWhO_k
Dee Jay Nehpets,,Electronic,,House,Ghetto House,,,I Came To Bring The Pain,,Oct 2017,US,4.67,https://www.youtube.com/watch?v=grMwLyYT4rU
Dee Jay Nehpets,,Electronic,,House,Ghetto House,,,Razzberry House,,Oct 2017,US,4.67,https://www.youtube.com/watch?v=G5TdMYLr5nY
Dee Jay Nehpets,,Electronic,,House,Ghetto House,,,Na Na Na,,Oct 2017,US,4.67,https://www.youtube.com/watch?v=r40ejNrx7dM
Dee Jay Nehpets,,Electronic,,House,Ghetto House,,,Smoke -N- Ride,,Oct 2017,US,4.67,https://www.youtube.com/watch?v=LQZWPE_kfT8
DJ Deeon,DJ Slugo,Sep 2008,,Electronic,,,,Point Em Out,,US,Vinyl,4.43,https://www.youtube.com/watch?v=k1r60JYd9Qo
DJ Deeon,DJ Slugo,Sep 2008,,Electronic,,,,A Blunt,,US,Vinyl,4.43,https://www.youtube.com/watch?v=CRtuPIquIeQ
DJ Deeon,DJ Slugo,Sep 2008,,Electronic,,,,Taris Sleeps Wild,,US,Vinyl,4.43,https://www.youtube.com/watch?v=1Q7dqZ21gls
The Traxxmen,,Electronic,,House,Acid House,Ghetto House,,In Yo Mouf (Oral Sexx Mixx),,2015,UK,4.53,https://www.youtube.com/watch?v=HShcS0SHZ60
The Traxxmen,,Electronic,,House,Acid House,Ghetto House,,Emergency (Original 9-1-1 Mixx),,2015,UK,4.53,https://www.youtube.com/watch?v=tNdIfI7BRxg
